questions ,answer,class
What are the symptoms of kidney disease?,"Common symptoms include fatigue, swelling in legs and ankles, shortness of breath, and high blood pressure.",0
How can I maintain healthy kidneys?,"Maintain a balanced diet, stay hydrated, control blood pressure, and avoid excessive use of medications.",0
What causes kidney stones?,"Kidney stones can be caused by dehydration, a diet high in salt or protein, and certain medical conditions.",0
What are the treatments for kidney disease?,"Treatment options include medication, lifestyle changes, dialysis, or kidney transplant depending on the severity.",0
Can drinking water help prevent kidney disease?,"Yes, staying hydrated helps the kidneys clear sodium and toxins from the body, reducing the risk of kidney disease",0
What is dialysis?,Dialysis is a medical treatment that removes waste products and excess fluid from the blood when the kidneys are no longer functioning properly.,1
How is kidney disease diagnosed?,"Kidney disease is diagnosed through blood tests, urine tests, and imaging studies such as ultrasound or CT scan.",1
What is a kidney transplant?,A kidney transplant is a surgical procedure where a healthy kidney from a donor is placed into a person with kidney failure.,1
Can high blood pressure affect kidney health?,"Yes, high blood pressure can damage the blood vessels in the kidneys, leading to kidney disease",1
Is kidney disease reversible?,"Chronic kidney disease is often irreversible, but early detection and treatment can slow its progression.",1
What foods should I avoid if I have kidney disease,"Avoid foods high in sodium, potassium, and phosphorus such as processed meats, dairy products, and bananas.",1
Can kidney disease cause fatigue?,"Yes, kidney disease can cause fatigue due to anemia or the accumulation of toxins in the body.",1
What is the role of kidneys in the body?,"The kidneys filter waste products from the blood, regulate fluid and electrolyte balance, and produce hormones.",1
Are there different types of kidney disease?,"Yes, there are acute kidney injury, chronic kidney disease, polycystic kidney disease, and others.",1
What is polycystic kidney disease?,Polycystic kidney disease is a genetic disorder characterized by the growth of numerous cysts in the kidneys.,1
How much water should I drink daily for healthy kidneys?,"It's generally recommended to drink about 8-10 glasses of water per day, but individual needs may vary.",1
Can kidney disease affect urine color?,"Yes, kidney disease can cause changes in urine color, such as dark, foamy, or bloody urine.",1
Is diabetes a risk factor for kidney disease?,"Yes, diabetes is a major risk factor for chronic kidney disease because it can damage the blood vessels in the kidneys.",0
What is the GFR test?,The GFR (glomerular filtration rate) test measures how well the kidneys filter blood.,0
Can medications harm the kidneys?,"Yes, some medications like NSAIDs and certain antibiotics can harm the kidneys, especially when used excessively.",0
What is nephritis?,"Nephritis is an inflammation of the kidneys that can be caused by infections, autoimmune diseases, or toxins.",0
Can kidney infections be serious?,"Yes, untreated kidney infections can lead to sepsis, kidney damage, or chronic kidney disease.",0
What lifestyle changes can help manage kidney disease?,"Managing blood pressure, controlling blood sugar, eating a kidney-friendly diet, and avoiding smoking can help.",0
Is kidney pain always related to kidney disease?,"No, kidney pain can also be caused by other conditions such as urinary tract infections or back problems.",0
Can a high-protein diet harm the kidneys?,"Excessive protein intake can increase the workload on the kidneys, potentially leading to kidney damage in susceptible individuals.",0
What are kidney cysts?,"Kidney cysts are fluid-filled sacs that can form in the kidneys, usually benign but sometimes associated with other conditions.",1
Is kidney cancer common?,"Kidney cancer is less common than other cancers, but early detection is important for treatment.",0
What is uremia?,Uremia is a condition where waste products accumulate in the blood due to poor kidney function.,1
Can alcohol affect kidney health?,"Excessive alcohol consumption can lead to dehydration, high blood pressure, and kidney damage.",1
How does smoking affect the kidneys?,"Smoking can reduce blood flow to the kidneys, causing damage and increasing the risk of kidney disease.",0
Can children get kidney disease?,"Yes, children can have kidney conditions such as congenital abnormalities, infections, or genetic disorders.",0
What is end-stage renal disease?,End-stage renal disease (ESRD) is the final stage of chronic kidney disease where the kidneys can no longer function properly,0
How is chronic kidney disease staged?,"Chronic kidney disease is staged based on the GFR, from Stage 1 (mild) to Stage 5 (kidney failure).",0
What role does diet play in kidney health?,Diet is crucial in managing kidney health; a balanced diet can help slow the progression of kidney disease.,1
Can stress affect the kidneys?,"Yes, chronic stress can lead to high blood pressure, which is a risk factor for kidney disease.",1
Is kidney disease hereditary?,"Some forms of kidney disease, like polycystic kidney disease, can be inherited.",1
What is renal hypertension?,Renal hypertension is high blood pressure caused by narrowing of the arteries that supply blood to the kidneys.,1
Can kidney disease affect sleep?,"Yes, kidney disease can cause sleep disturbances due to itching, muscle cramps, or breathing difficulties.",0
What are kidney function tests?,"Kidney function tests include blood tests (creatinine, urea) and urine tests (protein, blood) to evaluate kidney health.",0
How can I prevent kidney stones?,"Stay hydrated, reduce salt intake, and avoid foods high in oxalates like spinach and beets.",1
What is glomerulonephritis?,"Glomerulonephritis is an inflammation of the tiny filters in the kidneys (glomeruli), which can affect kidney function.",1
Can obesity lead to kidney disease?,"Yes, obesity increases the risk of developing conditions that can harm the kidneys, such as diabetes and high blood pressure.",1
How does dehydration affect the kidneys?,"Dehydration can cause kidney stones, urinary tract infections, and, in severe cases, kidney damage.",0
Can kidney disease be asymptomatic?,"Yes, early-stage kidney disease often has no symptoms, which is why regular testing is important.",0
What is proteinuria?,"Proteinuria is the presence of excess protein in the urine, often a sign of kidney damage.",1
Can herbal supplements affect the kidneys?,"Some herbal supplements can be harmful to the kidneys, especially in high doses or in people with kidney disease.""",0
"""What is renal artery stenosis?"",","Renal artery stenosis is the narrowing of the arteries that supply blood to the kidneys, leading to reduced kidney function.",0
Can kidney disease lead to anemia?,"Yes, kidney disease can cause anemia because the kidneys produce a hormone (erythropoietin) that stimulates red blood cell production.",1
How does aging affect kidney function?,"Kidney function naturally declines with age, making older adults more susceptible to kidney disease.",0
